Pilot_ID,GroupCount_avgReactionTime,mean_Reaction_Time_s,GroupCount_accuracyPercentage,mean_CorrectActions,CombinedScore,Scenario
50,17,1.97176470588235,17,0.882352941176471,2.23466666666667,Both Engines Failure
15,17,2.47470588235294,17,1,2.47470588235294,Both Engines Failure
25,17,2.33235294117647,17,0.941176470588235,2.478125,Both Engines Failure
13,17,2.40764705882353,17,0.941176470588235,2.558125,Both Engines Failure
24,17,2.55941176470588,17,1,2.55941176470588,Both Engines Failure
14,17,2.59117647058823,17,1,2.59117647058823,Both Engines Failure
12,17,2.44941176470588,17,0.941176470588235,2.6025,Both Engines Failure
41,17,2.60470588235294,17,1,2.60470588235294,Both Engines Failure
29,17,2.48117647058824,17,0.941176470588235,2.63625,Both Engines Failure
39,17,2.35823529411765,17,0.882352941176471,2.67266666666667,Both Engines Failure
35,17,2.68411764705882,17,1,2.68411764705882,Both Engines Failure
33,17,2.53,17,0.941176470588235,2.688125,Both Engines Failure
40,17,2.71294117647059,17,1,2.71294117647059,Both Engines Failure
28,17,2.24823529411765,17,0.823529411764706,2.73,Both Engines Failure
49,17,2.74352941176471,17,1,2.74352941176471,Both Engines Failure
22,17,2.76647058823529,17,1,2.76647058823529,Both Engines Failure
27,17,2.60941176470588,17,0.941176470588235,2.7725,Both Engines Failure
2,17,2.79470588235294,17,1,2.79470588235294,Both Engines Failure
16,17,2.69117647058824,17,0.941176470588235,2.859375,Both Engines Failure
21,17,2.70117647058823,17,0.941176470588235,2.87,Both Engines Failure
26,17,2.89058823529412,17,1,2.89058823529412,Both Engines Failure
19,17,2.89352941176471,17,1,2.89352941176471,Both Engines Failure
1,17,2.59235294117647,17,0.882352941176471,2.938,Both Engines Failure
45,17,2.42529411764706,17,0.823529411764706,2.945,Both Engines Failure
6,17,2.97235294117647,17,1,2.97235294117647,Both Engines Failure
20,17,2.63705882352941,17,0.882352941176471,2.98866666666667,Both Engines Failure
11,17,2.71470588235294,17,0.882352941176471,3.07666666666667,Both Engines Failure
48,17,2.89705882352941,17,0.941176470588235,3.078125,Both Engines Failure
38,17,2.54235294117647,17,0.823529411764706,3.08714285714286,Both Engines Failure
46,17,2.90941176470588,17,0.941176470588235,3.09125,Both Engines Failure
43,17,2.73294117647059,17,0.882352941176471,3.09733333333333,Both Engines Failure
18,17,2.93117647058824,17,0.941176470588235,3.114375,Both Engines Failure
10,17,2.75588235294118,17,0.882352941176471,3.12333333333333,Both Engines Failure
17,17,2.77823529411765,17,0.882352941176471,3.14866666666667,Both Engines Failure
8,17,3.14941176470588,17,1,3.14941176470588,Both Engines Failure
7,17,2.78176470588235,17,0.882352941176471,3.15266666666667,Both Engines Failure
5,17,2.98176470588235,17,0.941176470588235,3.168125,Both Engines Failure
4,17,2.79823529411765,17,0.882352941176471,3.17133333333333,Both Engines Failure
36,17,2.80117647058824,17,0.882352941176471,3.17466666666667,Both Engines Failure
31,17,3.01352941176471,17,0.941176470588235,3.201875,Both Engines Failure
44,17,2.46117647058824,17,0.764705882352941,3.21846153846154,Both Engines Failure
9,17,3.07235294117647,17,0.941176470588235,3.264375,Both Engines Failure
34,17,3.08176470588235,17,0.941176470588235,3.274375,Both Engines Failure
42,17,2.50529411764706,17,0.764705882352941,3.27615384615385,Both Engines Failure
23,17,3,17,0.882352941176471,3.4,Both Engines Failure
47,17,2.65941176470588,17,0.764705882352941,3.47769230769231,Both Engines Failure
3,17,2.89294117647059,17,0.823529411764706,3.51285714285714,Both Engines Failure
30,17,2.69705882352941,17,0.764705882352941,3.52692307692308,Both Engines Failure
32,17,3.31882352941176,17,0.882352941176471,3.76133333333333,Both Engines Failure
37,17,3.08470588235294,17,0.764705882352941,4.03384615384615,Both Engines Failure
4,17,2.08705882352941,17,1,2.08705882352941,Emergency Landing Preparation
6,17,2.26941176470588,17,1,2.26941176470588,Emergency Landing Preparation
46,17,2.20529411764706,17,0.941176470588235,2.343125,Emergency Landing Preparation
44,17,2.32941176470588,17,0.941176470588235,2.475,Emergency Landing Preparation
25,17,2.33,17,0.941176470588235,2.475625,Emergency Landing Preparation
35,17,2.21470588235294,17,0.882352941176471,2.51,Emergency Landing Preparation
27,17,2.57352941176471,17,1,2.57352941176471,Emergency Landing Preparation
47,17,2.28705882352941,17,0.882352941176471,2.592,Emergency Landing Preparation
41,17,2.46058823529412,17,0.941176470588235,2.614375,Emergency Landing Preparation
5,17,2.52294117647059,17,0.941176470588235,2.680625,Emergency Landing Preparation
43,17,2.71588235294118,17,1,2.71588235294118,Emergency Landing Preparation
49,17,2.41941176470588,17,0.882352941176471,2.742,Emergency Landing Preparation
9,17,2.74411764705882,17,1,2.74411764705882,Emergency Landing Preparation
33,17,2.74588235294118,17,1,2.74588235294118,Emergency Landing Preparation
7,17,2.81588235294118,17,1,2.81588235294118,Emergency Landing Preparation
48,17,2.67235294117647,17,0.941176470588235,2.839375,Emergency Landing Preparation
42,17,2.83941176470588,17,1,2.83941176470588,Emergency Landing Preparation
13,17,2.52470588235294,17,0.882352941176471,2.86133333333333,Emergency Landing Preparation
11,17,2.70588235294118,17,0.941176470588235,2.875,Emergency Landing Preparation
39,17,2.72823529411765,17,0.941176470588235,2.89875,Emergency Landing Preparation
32,17,2.91058823529412,17,1,2.91058823529412,Emergency Landing Preparation
38,17,2.76823529411765,17,0.941176470588235,2.94125,Emergency Landing Preparation
16,17,2.60823529411765,17,0.882352941176471,2.956,Emergency Landing Preparation
23,17,2.61470588235294,17,0.882352941176471,2.96333333333333,Emergency Landing Preparation
2,17,2.83176470588235,17,0.941176470588235,3.00875,Emergency Landing Preparation
40,17,2.66882352941176,17,0.882352941176471,3.02466666666667,Emergency Landing Preparation
15,17,2.50058823529412,17,0.823529411764706,3.03642857142857,Emergency Landing Preparation
31,17,2.68705882352941,17,0.882352941176471,3.04533333333333,Emergency Landing Preparation
24,17,2.52882352941176,17,0.823529411764706,3.07071428571429,Emergency Landing Preparation
8,17,2.89352941176471,17,0.941176470588235,3.074375,Emergency Landing Preparation
34,17,2.75235294117647,17,0.882352941176471,3.11933333333333,Emergency Landing Preparation
26,17,2.96294117647059,17,0.941176470588235,3.148125,Emergency Landing Preparation
22,17,2.78470588235294,17,0.882352941176471,3.156,Emergency Landing Preparation
17,17,2.78882352941176,17,0.882352941176471,3.16066666666667,Emergency Landing Preparation
45,17,2.80529411764706,17,0.882352941176471,3.17933333333333,Emergency Landing Preparation
19,17,2.86117647058823,17,0.882352941176471,3.24266666666667,Emergency Landing Preparation
28,17,2.88235294117647,17,0.882352941176471,3.26666666666667,Emergency Landing Preparation
14,17,2.70176470588235,17,0.823529411764706,3.28071428571429,Emergency Landing Preparation
37,17,2.89588235294118,17,0.882352941176471,3.282,Emergency Landing Preparation
30,17,2.73764705882353,17,0.823529411764706,3.32428571428571,Emergency Landing Preparation
29,17,2.94,17,0.882352941176471,3.332,Emergency Landing Preparation
18,17,2.75352941176471,17,0.823529411764706,3.34357142857143,Emergency Landing Preparation
12,17,3.22470588235294,17,0.941176470588235,3.42625,Emergency Landing Preparation
21,17,2.82823529411765,17,0.823529411764706,3.43428571428571,Emergency Landing Preparation
36,17,2.83235294117647,17,0.823529411764706,3.43928571428571,Emergency Landing Preparation
20,17,2.67294117647059,17,0.764705882352941,3.49538461538461,Emergency Landing Preparation
50,17,2.88705882352941,17,0.823529411764706,3.50571428571429,Emergency Landing Preparation
1,17,3.24,17,0.882352941176471,3.672,Emergency Landing Preparation
3,17,2.84764705882353,17,0.764705882352941,3.72384615384615,Emergency Landing Preparation
10,17,3.22470588235294,17,0.823529411764706,3.91571428571428,Emergency Landing Preparation
47,17,1.97941176470588,17,0.941176470588235,2.103125,G-Force Simulation
45,17,2.26764705882353,17,1,2.26764705882353,G-Force Simulation
10,17,2.15588235294118,17,0.941176470588235,2.290625,G-Force Simulation
34,17,2.29117647058824,17,1,2.29117647058824,G-Force Simulation
19,17,1.90294117647059,17,0.823529411764706,2.31071428571429,G-Force Simulation
39,17,2.21235294117647,17,0.941176470588235,2.350625,G-Force Simulation
44,17,2.39176470588235,17,1,2.39176470588235,G-Force Simulation
29,17,2.23058823529412,17,0.882352941176471,2.528,G-Force Simulation
48,17,2.61705882352941,17,1,2.61705882352941,G-Force Simulation
8,17,2.47,17,0.941176470588235,2.624375,G-Force Simulation
4,17,2.17235294117647,17,0.823529411764706,2.63785714285714,G-Force Simulation
36,17,2.66058823529412,17,1,2.66058823529412,G-Force Simulation
20,17,2.56647058823529,17,0.941176470588235,2.726875,G-Force Simulation
40,17,2.76352941176471,17,1,2.76352941176471,G-Force Simulation
16,17,2.47058823529412,17,0.882352941176471,2.8,G-Force Simulation
43,17,2.80529411764706,17,1,2.80529411764706,G-Force Simulation
33,17,2.32588235294118,17,0.823529411764706,2.82428571428571,G-Force Simulation
3,17,2.65823529411765,17,0.941176470588235,2.824375,G-Force Simulation
5,17,2.33705882352941,17,0.823529411764706,2.83785714285714,G-Force Simulation
27,17,2.86764705882353,17,1,2.86764705882353,G-Force Simulation
30,17,2.72117647058823,17,0.941176470588235,2.89125,G-Force Simulation
42,17,2.73470588235294,17,0.941176470588235,2.905625,G-Force Simulation
14,17,2.93764705882353,17,1,2.93764705882353,G-Force Simulation
31,17,2.94058823529412,17,1,2.94058823529412,G-Force Simulation
7,17,2.78823529411765,17,0.941176470588235,2.9625,G-Force Simulation
21,17,3.02058823529412,17,1,3.02058823529412,G-Force Simulation
9,17,3.02470588235294,17,1,3.02470588235294,G-Force Simulation
6,17,3.04176470588235,17,1,3.04176470588235,G-Force Simulation
25,17,2.88588235294118,17,0.941176470588235,3.06625,G-Force Simulation
12,17,2.73176470588235,17,0.882352941176471,3.096,G-Force Simulation
50,17,3.10882352941176,17,1,3.10882352941176,G-Force Simulation
28,17,2.58705882352941,17,0.823529411764706,3.14142857142857,G-Force Simulation
11,17,2.77823529411765,17,0.882352941176471,3.14866666666667,G-Force Simulation
24,17,2.80823529411765,17,0.882352941176471,3.18266666666667,G-Force Simulation
15,17,3.01411764705882,17,0.941176470588235,3.2025,G-Force Simulation
2,17,2.82823529411765,17,0.882352941176471,3.20533333333333,G-Force Simulation
35,17,3.04294117647059,17,0.941176470588235,3.233125,G-Force Simulation
1,17,2.87294117647059,17,0.882352941176471,3.256,G-Force Simulation
22,17,2.88,17,0.882352941176471,3.264,G-Force Simulation
46,17,2.76,17,0.823529411764706,3.35142857142857,G-Force Simulation
23,17,3.20588235294118,17,0.941176470588235,3.40625,G-Force Simulation
18,17,3.24411764705882,17,0.941176470588235,3.446875,G-Force Simulation
26,17,2.85294117647059,17,0.823529411764706,3.46428571428571,G-Force Simulation
49,17,3.07764705882353,17,0.882352941176471,3.488,G-Force Simulation
37,17,2.70294117647059,17,0.764705882352941,3.53461538461538,G-Force Simulation
41,17,3.14294117647059,17,0.882352941176471,3.562,G-Force Simulation
32,17,3.14588235294118,17,0.882352941176471,3.56533333333333,G-Force Simulation
17,17,3.17058823529412,17,0.882352941176471,3.59333333333333,G-Force Simulation
13,17,3.05941176470588,17,0.823529411764706,3.715,G-Force Simulation
38,17,2.95352941176471,17,0.764705882352941,3.86230769230769,G-Force Simulation
25,17,1.89588235294118,17,0.941176470588235,2.014375,Heavy Turbulence
23,17,2.15294117647059,17,1,2.15294117647059,Heavy Turbulence
41,17,1.97882352941176,17,0.882352941176471,2.24266666666667,Heavy Turbulence
48,17,2.26,17,1,2.26,Heavy Turbulence
17,17,2.14058823529412,17,0.882352941176471,2.426,Heavy Turbulence
9,17,2.16,17,0.882352941176471,2.448,Heavy Turbulence
3,17,2.54294117647059,17,1,2.54294117647059,Heavy Turbulence
21,17,2.40352941176471,17,0.941176470588235,2.55375,Heavy Turbulence
20,17,2.56588235294118,17,1,2.56588235294118,Heavy Turbulence
4,17,2.43764705882353,17,0.941176470588235,2.59,Heavy Turbulence
32,17,2.45941176470588,17,0.941176470588235,2.613125,Heavy Turbulence
45,17,2.35647058823529,17,0.882352941176471,2.67066666666667,Heavy Turbulence
13,17,2.69764705882353,17,1,2.69764705882353,Heavy Turbulence
39,17,2.40294117647059,17,0.882352941176471,2.72333333333333,Heavy Turbulence
43,17,2.43176470588235,17,0.882352941176471,2.756,Heavy Turbulence
26,17,2.77294117647059,17,1,2.77294117647059,Heavy Turbulence
47,17,2.49352941176471,17,0.882352941176471,2.826,Heavy Turbulence
5,17,2.67588235294118,17,0.941176470588235,2.843125,Heavy Turbulence
19,17,2.54352941176471,17,0.882352941176471,2.88266666666667,Heavy Turbulence
7,17,2.73470588235294,17,0.941176470588235,2.905625,Heavy Turbulence
27,17,2.75117647058824,17,0.941176470588235,2.923125,Heavy Turbulence
18,17,2.41294117647059,17,0.823529411764706,2.93,Heavy Turbulence
14,17,2.76529411764706,17,0.941176470588235,2.938125,Heavy Turbulence
29,17,2.76588235294118,17,0.941176470588235,2.93875,Heavy Turbulence
35,17,2.94764705882353,17,1,2.94764705882353,Heavy Turbulence
16,17,2.44,17,0.823529411764706,2.96285714285714,Heavy Turbulence
31,17,2.44588235294118,17,0.823529411764706,2.97,Heavy Turbulence
44,17,2.99823529411765,17,1,2.99823529411765,Heavy Turbulence
33,17,2.65235294117647,17,0.882352941176471,3.006,Heavy Turbulence
30,17,2.68705882352941,17,0.882352941176471,3.04533333333333,Heavy Turbulence
28,17,2.69117647058824,17,0.882352941176471,3.05,Heavy Turbulence
2,17,2.87176470588235,17,0.941176470588235,3.05125,Heavy Turbulence
42,17,2.71882352941177,17,0.882352941176471,3.08133333333333,Heavy Turbulence
49,17,3.09647058823529,17,1,3.09647058823529,Heavy Turbulence
11,17,2.73941176470588,17,0.882352941176471,3.10466666666667,Heavy Turbulence
40,17,2.75764705882353,17,0.882352941176471,3.12533333333333,Heavy Turbulence
38,17,2.80470588235294,17,0.882352941176471,3.17866666666667,Heavy Turbulence
34,17,3.06,17,0.941176470588235,3.25125,Heavy Turbulence
24,17,2.88352941176471,17,0.882352941176471,3.268,Heavy Turbulence
22,17,2.51529411764706,17,0.764705882352941,3.28923076923077,Heavy Turbulence
50,17,2.91647058823529,17,0.882352941176471,3.30533333333333,Heavy Turbulence
1,17,2.91764705882353,17,0.882352941176471,3.30666666666667,Heavy Turbulence
15,17,2.72705882352941,17,0.823529411764706,3.31142857142857,Heavy Turbulence
12,17,2.99352941176471,17,0.882352941176471,3.39266666666667,Heavy Turbulence
36,17,2.81235294117647,17,0.823529411764706,3.415,Heavy Turbulence
37,17,2.94294117647059,17,0.823529411764706,3.57357142857143,Heavy Turbulence
8,17,3.17764705882353,17,0.882352941176471,3.60133333333333,Heavy Turbulence
46,17,2.98,17,0.823529411764706,3.61857142857143,Heavy Turbulence
6,17,3.08,17,0.823529411764706,3.74,Heavy Turbulence
10,17,3.27294117647059,17,0.764705882352941,4.28,Heavy Turbulence
9,17,2.26058823529412,17,0.941176470588235,2.401875,Left Engine Fire
40,17,2.27235294117647,17,0.941176470588235,2.414375,Left Engine Fire
33,17,2.23764705882353,17,0.882352941176471,2.536,Left Engine Fire
37,17,2.57411764705882,17,1,2.57411764705882,Left Engine Fire
49,17,2.48411764705882,17,0.941176470588235,2.639375,Left Engine Fire
30,17,2.65470588235294,17,1,2.65470588235294,Left Engine Fire
43,17,2.66705882352941,17,1,2.66705882352941,Left Engine Fire
11,17,2.68176470588235,17,1,2.68176470588235,Left Engine Fire
10,17,2.68529411764706,17,1,2.68529411764706,Left Engine Fire
42,17,2.37294117647059,17,0.882352941176471,2.68933333333333,Left Engine Fire
34,17,2.37941176470588,17,0.882352941176471,2.69666666666667,Left Engine Fire
36,17,2.70882352941176,17,1,2.70882352941176,Left Engine Fire
25,17,2.55823529411765,17,0.941176470588235,2.718125,Left Engine Fire
26,17,2.56058823529412,17,0.941176470588235,2.720625,Left Engine Fire
4,17,2.72882352941176,17,1,2.72882352941176,Left Engine Fire
23,17,2.56882352941176,17,0.941176470588235,2.729375,Left Engine Fire
39,17,2.57058823529412,17,0.941176470588235,2.73125,Left Engine Fire
48,17,2.80352941176471,17,1,2.80352941176471,Left Engine Fire
31,17,2.66823529411765,17,0.941176470588235,2.835,Left Engine Fire
5,17,2.89705882352941,17,1,2.89705882352941,Left Engine Fire
12,17,2.74647058823529,17,0.941176470588235,2.918125,Left Engine Fire
3,17,2.62764705882353,17,0.882352941176471,2.978,Left Engine Fire
41,17,2.63705882352941,17,0.882352941176471,2.98866666666667,Left Engine Fire
24,17,2.64352941176471,17,0.882352941176471,2.996,Left Engine Fire
29,17,3.00294117647059,17,1,3.00294117647059,Left Engine Fire
14,17,2.67411764705882,17,0.882352941176471,3.03066666666667,Left Engine Fire
19,17,2.68882352941176,17,0.882352941176471,3.04733333333333,Left Engine Fire
28,17,2.53647058823529,17,0.823529411764706,3.08,Left Engine Fire
18,17,2.92823529411765,17,0.941176470588235,3.11125,Left Engine Fire
2,17,2.74705882352941,17,0.882352941176471,3.11333333333333,Left Engine Fire
46,17,2.75,17,0.882352941176471,3.11666666666667,Left Engine Fire
1,17,2.97647058823529,17,0.941176470588235,3.1625,Left Engine Fire
47,17,2.79176470588235,17,0.882352941176471,3.164,Left Engine Fire
32,17,3.17647058823529,17,1,3.17647058823529,Left Engine Fire
38,17,2.71176470588235,17,0.823529411764706,3.29285714285714,Left Engine Fire
50,17,3.10470588235294,17,0.941176470588235,3.29875,Left Engine Fire
21,17,2.92470588235294,17,0.882352941176471,3.31466666666667,Left Engine Fire
7,17,2.97294117647059,17,0.882352941176471,3.36933333333333,Left Engine Fire
44,17,3.00764705882353,17,0.882352941176471,3.40866666666667,Left Engine Fire
22,17,3.01117647058824,17,0.882352941176471,3.41266666666667,Left Engine Fire
20,17,2.84176470588235,17,0.823529411764706,3.45071428571429,Left Engine Fire
13,17,3.27588235294118,17,0.941176470588235,3.480625,Left Engine Fire
8,17,3.14411764705882,17,0.882352941176471,3.56333333333333,Left Engine Fire
35,17,3.17352941176471,17,0.882352941176471,3.59666666666667,Left Engine Fire
45,17,2.80058823529412,17,0.764705882352941,3.66230769230769,Left Engine Fire
17,17,3.09176470588235,17,0.823529411764706,3.75428571428571,Left Engine Fire
15,17,3.41882352941177,17,0.882352941176471,3.87466666666667,Left Engine Fire
27,17,3.13411764705882,17,0.764705882352941,4.09846153846154,Left Engine Fire
6,17,3.14176470588235,17,0.764705882352941,4.10846153846154,Left Engine Fire
16,17,3.27705882352941,17,0.764705882352941,4.28538461538462,Left Engine Fire
35,17,1.73647058823529,17,0.882352941176471,1.968,Light Turbulence
45,17,2.02588235294118,17,0.882352941176471,2.296,Light Turbulence
10,17,2.18411764705882,17,0.941176470588235,2.320625,Light Turbulence
40,17,2.34941176470588,17,1,2.34941176470588,Light Turbulence
4,17,2.21411764705882,17,0.941176470588235,2.3525,Light Turbulence
37,17,2.39764705882353,17,1,2.39764705882353,Light Turbulence
26,17,2.15235294117647,17,0.882352941176471,2.43933333333333,Light Turbulence
3,17,2.45941176470588,17,1,2.45941176470588,Light Turbulence
19,17,2.35176470588235,17,0.941176470588235,2.49875,Light Turbulence
44,17,2.39647058823529,17,0.941176470588235,2.54625,Light Turbulence
11,17,2.56882352941176,17,1,2.56882352941176,Light Turbulence
17,17,2.45647058823529,17,0.941176470588235,2.61,Light Turbulence
39,17,2.61823529411765,17,1,2.61823529411765,Light Turbulence
13,17,2.35823529411765,17,0.882352941176471,2.67266666666667,Light Turbulence
49,17,2.52823529411765,17,0.941176470588235,2.68625,Light Turbulence
21,17,2.69352941176471,17,1,2.69352941176471,Light Turbulence
29,17,2.75411764705882,17,1,2.75411764705882,Light Turbulence
30,17,2.44882352941177,17,0.882352941176471,2.77533333333333,Light Turbulence
48,17,2.86941176470588,17,1,2.86941176470588,Light Turbulence
27,17,2.74,17,0.941176470588235,2.91125,Light Turbulence
18,17,2.61705882352941,17,0.882352941176471,2.966,Light Turbulence
12,17,2.61941176470588,17,0.882352941176471,2.96866666666667,Light Turbulence
6,17,2.66411764705882,17,0.882352941176471,3.01933333333333,Light Turbulence
36,17,2.87764705882353,17,0.941176470588235,3.0575,Light Turbulence
47,17,2.71117647058824,17,0.882352941176471,3.07266666666667,Light Turbulence
5,17,2.72764705882353,17,0.882352941176471,3.09133333333333,Light Turbulence
24,17,2.54823529411765,17,0.823529411764706,3.09428571428572,Light Turbulence
46,17,2.74882352941176,17,0.882352941176471,3.11533333333333,Light Turbulence
8,17,2.56705882352941,17,0.823529411764706,3.11714285714286,Light Turbulence
16,17,3.14117647058823,17,1,3.14117647058823,Light Turbulence
50,17,2.86294117647059,17,0.882352941176471,3.24466666666667,Light Turbulence
15,17,2.87235294117647,17,0.882352941176471,3.25533333333333,Light Turbulence
7,17,2.69705882352941,17,0.823529411764706,3.275,Light Turbulence
43,17,2.89058823529412,17,0.882352941176471,3.276,Light Turbulence
14,17,2.70294117647059,17,0.823529411764706,3.28214285714286,Light Turbulence
28,17,3.31470588235294,17,1,3.31470588235294,Light Turbulence
20,17,2.74117647058824,17,0.823529411764706,3.32857142857143,Light Turbulence
34,17,3.17882352941176,17,0.941176470588235,3.3775,Light Turbulence
42,17,2.79176470588235,17,0.823529411764706,3.39,Light Turbulence
33,17,3.19941176470588,17,0.941176470588235,3.399375,Light Turbulence
38,17,3.01529411764706,17,0.882352941176471,3.41733333333333,Light Turbulence
23,17,3.25117647058824,17,0.941176470588235,3.454375,Light Turbulence
32,17,3.07294117647059,17,0.882352941176471,3.48266666666667,Light Turbulence
41,17,2.91294117647059,17,0.823529411764706,3.53714285714286,Light Turbulence
1,17,3.39352941176471,17,0.941176470588235,3.605625,Light Turbulence
9,17,3.02647058823529,17,0.823529411764706,3.675,Light Turbulence
22,17,2.59529411764706,17,0.705882352941177,3.67666666666667,Light Turbulence
25,17,2.98941176470588,17,0.764705882352941,3.90923076923077,Light Turbulence
31,17,3.54,17,0.882352941176471,4.012,Light Turbulence
2,17,3.14117647058824,17,0.705882352941177,4.45,Light Turbulence
5,17,2.13705882352941,17,0.941176470588235,2.270625,Medium Turbulence
2,17,2.36,17,1,2.36,Medium Turbulence
50,17,2.46882352941177,17,1,2.46882352941177,Medium Turbulence
36,17,2.55235294117647,17,1,2.55235294117647,Medium Turbulence
20,17,2.43411764705882,17,0.941176470588235,2.58625,Medium Turbulence
9,17,2.28294117647059,17,0.882352941176471,2.58733333333333,Medium Turbulence
17,17,2.34,17,0.882352941176471,2.652,Medium Turbulence
30,17,2.49705882352941,17,0.941176470588235,2.653125,Medium Turbulence
45,17,2.49823529411765,17,0.941176470588235,2.654375,Medium Turbulence
40,17,2.54529411764706,17,0.941176470588235,2.704375,Medium Turbulence
24,17,2.45529411764706,17,0.882352941176471,2.78266666666667,Medium Turbulence
3,17,2.29235294117647,17,0.823529411764706,2.78357142857143,Medium Turbulence
23,17,2.63941176470588,17,0.941176470588235,2.804375,Medium Turbulence
14,17,2.48705882352941,17,0.882352941176471,2.81866666666667,Medium Turbulence
43,17,2.82,17,1,2.82,Medium Turbulence
4,17,2.84764705882353,17,1,2.84764705882353,Medium Turbulence
16,17,2.89411764705882,17,1,2.89411764705882,Medium Turbulence
10,17,2.74117647058824,17,0.941176470588235,2.9125,Medium Turbulence
48,17,2.43235294117647,17,0.823529411764706,2.95357142857143,Medium Turbulence
19,17,2.44352941176471,17,0.823529411764706,2.96714285714286,Medium Turbulence
21,17,2.63235294117647,17,0.882352941176471,2.98333333333333,Medium Turbulence
8,17,2.47823529411765,17,0.823529411764706,3.00928571428571,Medium Turbulence
33,17,2.67941176470588,17,0.882352941176471,3.03666666666667,Medium Turbulence
35,17,3.04352941176471,17,1,3.04352941176471,Medium Turbulence
29,17,2.69823529411765,17,0.882352941176471,3.058,Medium Turbulence
31,17,2.71176470588235,17,0.882352941176471,3.07333333333333,Medium Turbulence
37,17,2.92411764705882,17,0.941176470588235,3.106875,Medium Turbulence
15,17,2.92588235294118,17,0.941176470588235,3.10875,Medium Turbulence
41,17,3.11058823529412,17,1,3.11058823529412,Medium Turbulence
38,17,2.95588235294118,17,0.941176470588235,3.140625,Medium Turbulence
18,17,2.59117647058823,17,0.823529411764706,3.14642857142857,Medium Turbulence
25,17,2.98058823529412,17,0.941176470588235,3.166875,Medium Turbulence
39,17,2.83470588235294,17,0.882352941176471,3.21266666666667,Medium Turbulence
44,17,2.84588235294118,17,0.882352941176471,3.22533333333333,Medium Turbulence
42,17,2.49352941176471,17,0.764705882352941,3.26076923076923,Medium Turbulence
13,17,2.72882352941176,17,0.823529411764706,3.31357142857143,Medium Turbulence
12,17,2.73941176470588,17,0.823529411764706,3.32642857142857,Medium Turbulence
49,17,2.75117647058824,17,0.823529411764706,3.34071428571429,Medium Turbulence
47,17,2.77588235294118,17,0.823529411764706,3.37071428571429,Medium Turbulence
11,17,2.63882352941176,17,0.764705882352941,3.45076923076923,Medium Turbulence
7,17,3.27470588235294,17,0.941176470588235,3.479375,Medium Turbulence
28,17,3.12411764705882,17,0.882352941176471,3.54066666666667,Medium Turbulence
32,17,3.12941176470588,17,0.882352941176471,3.54666666666667,Medium Turbulence
6,17,2.93823529411765,17,0.823529411764706,3.56785714285714,Medium Turbulence
27,17,3.18294117647059,17,0.882352941176471,3.60733333333333,Medium Turbulence
1,17,3.40470588235294,17,0.941176470588235,3.6175,Medium Turbulence
26,17,3.12058823529412,17,0.823529411764706,3.78928571428572,Medium Turbulence
22,17,3.49117647058823,17,0.882352941176471,3.95666666666667,Medium Turbulence
34,17,3.55411764705882,17,0.823529411764706,4.31571428571429,Medium Turbulence
46,17,3.56,17,0.823529411764706,4.32285714285714,Medium Turbulence
40,17,2.06823529411765,17,0.941176470588235,2.1975,Nosedive
45,17,2.47,17,1,2.47,Nosedive
43,17,2.50235294117647,17,1,2.50235294117647,Nosedive
27,17,2.37764705882353,17,0.941176470588235,2.52625,Nosedive
20,17,2.41176470588235,17,0.941176470588235,2.5625,Nosedive
24,17,2.28764705882353,17,0.882352941176471,2.59266666666667,Nosedive
35,17,2.32764705882353,17,0.882352941176471,2.638,Nosedive
3,17,2.48352941176471,17,0.941176470588235,2.63875,Nosedive
9,17,2.34176470588235,17,0.882352941176471,2.654,Nosedive
17,17,2.65882352941177,17,1,2.65882352941177,Nosedive
7,17,2.66705882352941,17,1,2.66705882352941,Nosedive
23,17,2.67882352941176,17,1,2.67882352941176,Nosedive
4,17,2.20705882352941,17,0.823529411764706,2.68,Nosedive
14,17,2.70705882352941,17,1,2.70705882352941,Nosedive
49,17,2.71058823529412,17,1,2.71058823529412,Nosedive
21,17,2.58470588235294,17,0.941176470588235,2.74625,Nosedive
15,17,2.47235294117647,17,0.882352941176471,2.802,Nosedive
19,17,2.83411764705882,17,1,2.83411764705882,Nosedive
37,17,2.86823529411765,17,1,2.86823529411765,Nosedive
11,17,2.73294117647059,17,0.941176470588235,2.90375,Nosedive
46,17,2.90941176470588,17,1,2.90941176470588,Nosedive
38,17,2.74117647058824,17,0.941176470588235,2.9125,Nosedive
34,17,2.40294117647059,17,0.823529411764706,2.91785714285714,Nosedive
6,17,2.45705882352941,17,0.823529411764706,2.98357142857143,Nosedive
22,17,2.48470588235294,17,0.823529411764706,3.01714285714286,Nosedive
1,17,2.84764705882353,17,0.941176470588235,3.025625,Nosedive
2,17,3.10411764705882,17,1,3.10411764705882,Nosedive
16,17,3.13882352941177,17,1,3.13882352941177,Nosedive
39,17,2.81411764705882,17,0.882352941176471,3.18933333333333,Nosedive
44,17,2.81588235294118,17,0.882352941176471,3.19133333333333,Nosedive
25,17,2.81705882352941,17,0.882352941176471,3.19266666666667,Nosedive
31,17,2.82705882352941,17,0.882352941176471,3.204,Nosedive
33,17,3.03176470588235,17,0.941176470588235,3.22125,Nosedive
29,17,2.46941176470588,17,0.764705882352941,3.22923076923077,Nosedive
42,17,3.07529411764706,17,0.941176470588235,3.2675,Nosedive
18,17,3.07588235294118,17,0.941176470588235,3.268125,Nosedive
30,17,2.69176470588235,17,0.823529411764706,3.26857142857143,Nosedive
36,17,3.10823529411765,17,0.941176470588235,3.3025,Nosedive
12,17,2.75529411764706,17,0.823529411764706,3.34571428571429,Nosedive
48,17,2.75764705882353,17,0.823529411764706,3.34857142857143,Nosedive
41,17,3.16117647058823,17,0.941176470588235,3.35875,Nosedive
10,17,2.77117647058824,17,0.823529411764706,3.365,Nosedive
28,17,2.96941176470588,17,0.882352941176471,3.36533333333333,Nosedive
47,17,2.97058823529412,17,0.882352941176471,3.36666666666667,Nosedive
13,17,2.65411764705882,17,0.764705882352941,3.47076923076923,Nosedive
8,17,2.86647058823529,17,0.823529411764706,3.48071428571429,Nosedive
50,17,2.88352941176471,17,0.823529411764706,3.50142857142857,Nosedive
26,17,2.77882352941176,17,0.764705882352941,3.63384615384615,Nosedive
32,17,2.90411764705882,17,0.764705882352941,3.79769230769231,Nosedive
5,17,3.17764705882353,17,0.764705882352941,4.15538461538462,Nosedive
26,17,2.12470588235294,17,0.941176470588235,2.2575,Power Off Stall
18,17,2.19294117647059,17,0.941176470588235,2.33,Power Off Stall
21,17,2.35058823529412,17,1,2.35058823529412,Power Off Stall
1,17,2.46,17,1,2.46,Power Off Stall
49,17,2.23235294117647,17,0.882352941176471,2.53,Power Off Stall
50,17,2.53941176470588,17,1,2.53941176470588,Power Off Stall
31,17,2.46705882352941,17,0.941176470588235,2.62125,Power Off Stall
46,17,2.34588235294118,17,0.882352941176471,2.65866666666667,Power Off Stall
22,17,2.51176470588235,17,0.941176470588235,2.66875,Power Off Stall
17,17,2.55705882352941,17,0.941176470588235,2.716875,Power Off Stall
35,17,2.60588235294118,17,0.941176470588235,2.76875,Power Off Stall
33,17,2.60764705882353,17,0.941176470588235,2.770625,Power Off Stall
12,17,2.80352941176471,17,1,2.80352941176471,Power Off Stall
25,17,2.66470588235294,17,0.941176470588235,2.83125,Power Off Stall
34,17,2.67411764705882,17,0.941176470588235,2.84125,Power Off Stall
38,17,2.67764705882353,17,0.941176470588235,2.845,Power Off Stall
19,17,2.84823529411765,17,1,2.84823529411765,Power Off Stall
5,17,2.53176470588235,17,0.882352941176471,2.86933333333333,Power Off Stall
3,17,2.72,17,0.941176470588235,2.89,Power Off Stall
47,17,2.55764705882353,17,0.882352941176471,2.89866666666667,Power Off Stall
44,17,2.90470588235294,17,1,2.90470588235294,Power Off Stall
10,17,2.74647058823529,17,0.941176470588235,2.918125,Power Off Stall
16,17,2.41647058823529,17,0.823529411764706,2.93428571428571,Power Off Stall
4,17,2.64235294117647,17,0.882352941176471,2.99466666666667,Power Off Stall
37,17,2.65176470588235,17,0.882352941176471,3.00533333333333,Power Off Stall
20,17,2.48235294117647,17,0.823529411764706,3.01428571428571,Power Off Stall
13,17,3.01588235294118,17,1,3.01588235294118,Power Off Stall
11,17,2.84294117647059,17,0.941176470588235,3.020625,Power Off Stall
43,17,3.04529411764706,17,1,3.04529411764706,Power Off Stall
9,17,2.72117647058824,17,0.882352941176471,3.084,Power Off Stall
29,17,2.54294117647059,17,0.823529411764706,3.08785714285714,Power Off Stall
45,17,3.11764705882353,17,1,3.11764705882353,Power Off Stall
7,17,2.75294117647059,17,0.882352941176471,3.12,Power Off Stall
39,17,2.78647058823529,17,0.882352941176471,3.158,Power Off Stall
28,17,2.97470588235294,17,0.941176470588235,3.160625,Power Off Stall
23,17,2.8,17,0.882352941176471,3.17333333333333,Power Off Stall
48,17,3.03176470588235,17,0.941176470588235,3.22125,Power Off Stall
32,17,3.04705882352941,17,0.941176470588235,3.2375,Power Off Stall
27,17,2.88941176470588,17,0.882352941176471,3.27466666666667,Power Off Stall
40,17,3.13529411764706,17,0.941176470588235,3.33125,Power Off Stall
14,17,3.00411764705882,17,0.882352941176471,3.40466666666667,Power Off Stall
42,17,3.24058823529412,17,0.941176470588235,3.443125,Power Off Stall
24,17,3.04294117647059,17,0.882352941176471,3.44866666666667,Power Off Stall
30,17,3.07411764705882,17,0.882352941176471,3.484,Power Off Stall
6,17,2.89647058823529,17,0.823529411764706,3.51714285714286,Power Off Stall
36,17,3.18529411764706,17,0.882352941176471,3.61,Power Off Stall
41,17,2.38,17,0.647058823529412,3.67818181818182,Power Off Stall
8,17,3.21647058823529,17,0.823529411764706,3.90571428571429,Power Off Stall
15,17,2.67470588235294,17,0.647058823529412,4.13363636363636,Power Off Stall
2,17,3.05647058823529,17,0.705882352941177,4.33,Power Off Stall
2,17,1.96470588235294,17,0.941176470588235,2.0875,Power On Stall
50,17,2.35823529411765,17,1,2.35823529411765,Power On Stall
38,17,2.49411764705882,17,1,2.49411764705882,Power On Stall
21,17,2.06352941176471,17,0.823529411764706,2.50571428571429,Power On Stall
46,17,2.60588235294118,17,1,2.60588235294118,Power On Stall
4,17,2.46117647058824,17,0.941176470588235,2.615,Power On Stall
7,17,2.65117647058824,17,1,2.65117647058824,Power On Stall
29,17,2.67764705882353,17,1,2.67764705882353,Power On Stall
17,17,2.52058823529412,17,0.941176470588235,2.678125,Power On Stall
11,17,2.52117647058824,17,0.941176470588235,2.67875,Power On Stall
18,17,2.43470588235294,17,0.882352941176471,2.75933333333333,Power On Stall
28,17,2.64235294117647,17,0.941176470588235,2.8075,Power On Stall
24,17,2.80764705882353,17,1,2.80764705882353,Power On Stall
1,17,2.66352941176471,17,0.941176470588235,2.83,Power On Stall
33,17,2.83117647058824,17,1,2.83117647058824,Power On Stall
3,17,2.40529411764706,17,0.823529411764706,2.92071428571429,Power On Stall
20,17,2.95,17,1,2.95,Power On Stall
31,17,2.43529411764706,17,0.823529411764706,2.95714285714286,Power On Stall
30,17,2.81529411764706,17,0.941176470588235,2.99125,Power On Stall
32,17,2.81647058823529,17,0.941176470588235,2.9925,Power On Stall
22,17,2.83647058823529,17,0.941176470588235,3.01375,Power On Stall
25,17,2.49294117647059,17,0.823529411764706,3.02714285714286,Power On Stall
6,17,3.03823529411765,17,1,3.03823529411765,Power On Stall
16,17,2.68470588235294,17,0.882352941176471,3.04266666666667,Power On Stall
48,17,3.05647058823529,17,1,3.05647058823529,Power On Stall
34,17,2.73352941176471,17,0.882352941176471,3.098,Power On Stall
39,17,2.74588235294118,17,0.882352941176471,3.112,Power On Stall
36,17,2.94058823529412,17,0.941176470588235,3.124375,Power On Stall
9,17,2.57764705882353,17,0.823529411764706,3.13,Power On Stall
41,17,2.81058823529412,17,0.882352941176471,3.18533333333333,Power On Stall
13,17,3.02235294117647,17,0.941176470588235,3.21125,Power On Stall
27,17,2.83470588235294,17,0.882352941176471,3.21266666666667,Power On Stall
47,17,3.21941176470588,17,1,3.21941176470588,Power On Stall
10,17,2.68235294117647,17,0.823529411764706,3.25714285714286,Power On Stall
37,17,2.87705882352941,17,0.882352941176471,3.26066666666667,Power On Stall
12,17,3.08294117647059,17,0.941176470588235,3.275625,Power On Stall
14,17,3.13176470588235,17,0.941176470588235,3.3275,Power On Stall
8,17,2.54764705882353,17,0.764705882352941,3.33153846153846,Power On Stall
45,17,2.36647058823529,17,0.705882352941177,3.3525,Power On Stall
43,17,3.16176470588235,17,0.941176470588235,3.359375,Power On Stall
26,17,2.76705882352941,17,0.823529411764706,3.36,Power On Stall
42,17,3.16823529411765,17,0.941176470588235,3.36625,Power On Stall
44,17,2.40529411764706,17,0.705882352941177,3.4075,Power On Stall
49,17,2.94588235294118,17,0.823529411764706,3.57714285714286,Power On Stall
5,17,2.95823529411765,17,0.823529411764706,3.59214285714286,Power On Stall
15,17,2.86588235294118,17,0.764705882352941,3.74769230769231,Power On Stall
23,17,3.35823529411765,17,0.882352941176471,3.806,Power On Stall
35,17,2.95235294117647,17,0.764705882352941,3.86076923076923,Power On Stall
19,17,3.12764705882353,17,0.764705882352941,4.09,Power On Stall
40,17,3.00764705882353,17,0.705882352941177,4.26083333333333,Power On Stall
20,17,1.92647058823529,17,0.941176470588235,2.046875,Right Engine Fire
14,17,1.82294117647059,17,0.882352941176471,2.066,Right Engine Fire
30,17,2.16470588235294,17,0.941176470588235,2.3,Right Engine Fire
33,17,2.30176470588235,17,1,2.30176470588235,Right Engine Fire
42,17,2.32705882352941,17,0.941176470588235,2.4725,Right Engine Fire
48,17,2.47529411764706,17,1,2.47529411764706,Right Engine Fire
46,17,2.39647058823529,17,0.941176470588235,2.54625,Right Engine Fire
4,17,2.45705882352941,17,0.941176470588235,2.610625,Right Engine Fire
40,17,2.62705882352941,17,1,2.62705882352941,Right Engine Fire
11,17,2.69117647058824,17,1,2.69117647058824,Right Engine Fire
13,17,2.53529411764706,17,0.941176470588235,2.69375,Right Engine Fire
44,17,2.44823529411765,17,0.882352941176471,2.77466666666667,Right Engine Fire
29,17,2.82411764705882,17,1,2.82411764705882,Right Engine Fire
19,17,2.33705882352941,17,0.823529411764706,2.83785714285714,Right Engine Fire
35,17,2.42,17,0.823529411764706,2.93857142857143,Right Engine Fire
15,17,2.77294117647059,17,0.941176470588235,2.94625,Right Engine Fire
9,17,2.79647058823529,17,0.941176470588235,2.97125,Right Engine Fire
18,17,2.62411764705882,17,0.882352941176471,2.974,Right Engine Fire
45,17,2.8,17,0.941176470588235,2.975,Right Engine Fire
6,17,2.62823529411765,17,0.882352941176471,2.97866666666667,Right Engine Fire
26,17,2.65,17,0.882352941176471,3.00333333333333,Right Engine Fire
37,17,3.00352941176471,17,1,3.00352941176471,Right Engine Fire
38,17,2.84117647058824,17,0.941176470588235,3.01875,Right Engine Fire
22,17,2.68294117647059,17,0.882352941176471,3.04066666666667,Right Engine Fire
28,17,2.87823529411765,17,0.941176470588235,3.058125,Right Engine Fire
47,17,3.05823529411765,17,1,3.05823529411765,Right Engine Fire
36,17,2.72588235294118,17,0.882352941176471,3.08933333333333,Right Engine Fire
27,17,2.75588235294118,17,0.882352941176471,3.12333333333333,Right Engine Fire
7,17,2.94705882352941,17,0.941176470588235,3.13125,Right Engine Fire
21,17,2.97647058823529,17,0.941176470588235,3.1625,Right Engine Fire
1,17,2.98117647058824,17,0.941176470588235,3.1675,Right Engine Fire
8,17,2.98235294117647,17,0.941176470588235,3.16875,Right Engine Fire
3,17,2.81705882352941,17,0.882352941176471,3.19266666666667,Right Engine Fire
43,17,2.89,17,0.882352941176471,3.27533333333333,Right Engine Fire
16,17,2.71647058823529,17,0.823529411764706,3.29857142857143,Right Engine Fire
5,17,2.72058823529412,17,0.823529411764706,3.30357142857143,Right Engine Fire
10,17,2.93764705882353,17,0.882352941176471,3.32933333333333,Right Engine Fire
17,17,2.94058823529412,17,0.882352941176471,3.33266666666667,Right Engine Fire
31,17,2.75647058823529,17,0.823529411764706,3.34714285714286,Right Engine Fire
49,17,3.16470588235294,17,0.941176470588235,3.3625,Right Engine Fire
12,17,3.21882352941176,17,0.941176470588235,3.42,Right Engine Fire
25,17,2.82588235294118,17,0.823529411764706,3.43142857142857,Right Engine Fire
2,17,2.85,17,0.823529411764706,3.46071428571429,Right Engine Fire
41,17,3.05588235294118,17,0.882352941176471,3.46333333333333,Right Engine Fire
39,17,2.87823529411765,17,0.823529411764706,3.495,Right Engine Fire
34,17,3.10294117647059,17,0.882352941176471,3.51666666666667,Right Engine Fire
23,17,3.14058823529412,17,0.823529411764706,3.81357142857143,Right Engine Fire
24,17,3.16117647058824,17,0.823529411764706,3.83857142857143,Right Engine Fire
50,17,3.34588235294118,17,0.823529411764706,4.06285714285714,Right Engine Fire
32,17,2.67764705882353,17,0.647058823529412,4.13818181818182,Right Engine Fire
20,17,2.21647058823529,17,1,2.21647058823529,Smoke and Fumes Elimination
1,17,2.29705882352941,17,1,2.29705882352941,Smoke and Fumes Elimination
5,17,2.44470588235294,17,1,2.44470588235294,Smoke and Fumes Elimination
29,17,2.01470588235294,17,0.823529411764706,2.44642857142857,Smoke and Fumes Elimination
45,17,2.31176470588235,17,0.941176470588235,2.45625,Smoke and Fumes Elimination
50,17,2.40117647058824,17,0.941176470588235,2.55125,Smoke and Fumes Elimination
28,17,2.41058823529412,17,0.941176470588235,2.56125,Smoke and Fumes Elimination
49,17,2.48529411764706,17,0.941176470588235,2.640625,Smoke and Fumes Elimination
3,17,2.64411764705882,17,1,2.64411764705882,Smoke and Fumes Elimination
37,17,2.49235294117647,17,0.941176470588235,2.648125,Smoke and Fumes Elimination
15,17,2.36352941176471,17,0.882352941176471,2.67866666666667,Smoke and Fumes Elimination
26,17,2.73058823529412,17,1,2.73058823529412,Smoke and Fumes Elimination
10,17,2.73823529411765,17,1,2.73823529411765,Smoke and Fumes Elimination
6,17,2.74058823529412,17,1,2.74058823529412,Smoke and Fumes Elimination
42,17,2.75764705882353,17,1,2.75764705882353,Smoke and Fumes Elimination
19,17,2.59588235294118,17,0.941176470588235,2.758125,Smoke and Fumes Elimination
46,17,2.59764705882353,17,0.941176470588235,2.76,Smoke and Fumes Elimination
40,17,2.29647058823529,17,0.823529411764706,2.78857142857143,Smoke and Fumes Elimination
30,17,2.64,17,0.941176470588235,2.805,Smoke and Fumes Elimination
32,17,2.48352941176471,17,0.882352941176471,2.81466666666667,Smoke and Fumes Elimination
24,17,2.49235294117647,17,0.882352941176471,2.82466666666667,Smoke and Fumes Elimination
48,17,2.66470588235294,17,0.941176470588235,2.83125,Smoke and Fumes Elimination
8,17,2.50176470588235,17,0.882352941176471,2.83533333333333,Smoke and Fumes Elimination
2,17,2.68882352941176,17,0.941176470588235,2.856875,Smoke and Fumes Elimination
34,17,2.72352941176471,17,0.941176470588235,2.89375,Smoke and Fumes Elimination
18,17,2.73235294117647,17,0.941176470588235,2.903125,Smoke and Fumes Elimination
33,17,2.92823529411765,17,1,2.92823529411765,Smoke and Fumes Elimination
38,17,2.92823529411765,17,1,2.92823529411765,Smoke and Fumes Elimination
7,17,2.93,17,1,2.93,Smoke and Fumes Elimination
11,17,2.76058823529412,17,0.941176470588235,2.933125,Smoke and Fumes Elimination
17,17,2.79647058823529,17,0.941176470588235,2.97125,Smoke and Fumes Elimination
9,17,2.82,17,0.941176470588235,2.99625,Smoke and Fumes Elimination
27,17,2.65705882352941,17,0.882352941176471,3.01133333333333,Smoke and Fumes Elimination
12,17,2.84529411764706,17,0.941176470588235,3.023125,Smoke and Fumes Elimination
22,17,2.75235294117647,17,0.882352941176471,3.11933333333333,Smoke and Fumes Elimination
23,17,2.58647058823529,17,0.823529411764706,3.14071428571429,Smoke and Fumes Elimination
47,17,2.61529411764706,17,0.823529411764706,3.17571428571429,Smoke and Fumes Elimination
41,17,3.02058823529412,17,0.941176470588235,3.209375,Smoke and Fumes Elimination
44,17,2.83352941176471,17,0.882352941176471,3.21133333333333,Smoke and Fumes Elimination
21,17,3.03176470588235,17,0.941176470588235,3.22125,Smoke and Fumes Elimination
16,17,3.25470588235294,17,1,3.25470588235294,Smoke and Fumes Elimination
39,17,3.15,17,0.941176470588235,3.346875,Smoke and Fumes Elimination
4,17,3.04588235294118,17,0.882352941176471,3.452,Smoke and Fumes Elimination
36,17,3.27588235294118,17,0.941176470588235,3.480625,Smoke and Fumes Elimination
31,17,3.07588235294118,17,0.882352941176471,3.486,Smoke and Fumes Elimination
43,17,2.88235294117647,17,0.823529411764706,3.5,Smoke and Fumes Elimination
35,17,3.32117647058823,17,0.941176470588235,3.52875,Smoke and Fumes Elimination
14,17,3.18588235294118,17,0.882352941176471,3.61066666666667,Smoke and Fumes Elimination
13,17,3.08,17,0.823529411764706,3.74,Smoke and Fumes Elimination
25,17,3.21470588235294,17,0.823529411764706,3.90357142857143,Smoke and Fumes Elimination
30,17,1.96941176470588,17,1,1.96941176470588,Tailspin
42,17,2.00352941176471,17,0.941176470588235,2.12875,Tailspin
28,17,2.07411764705882,17,0.941176470588235,2.20375,Tailspin
38,17,2.04588235294118,17,0.882352941176471,2.31866666666667,Tailspin
25,17,2.36235294117647,17,1,2.36235294117647,Tailspin
14,17,2.24294117647059,17,0.941176470588235,2.383125,Tailspin
47,17,2.43529411764706,17,1,2.43529411764706,Tailspin
5,17,2.30588235294118,17,0.941176470588235,2.45,Tailspin
50,17,2.25823529411765,17,0.882352941176471,2.55933333333333,Tailspin
3,17,2.41176470588235,17,0.941176470588235,2.5625,Tailspin
43,17,2.28529411764706,17,0.882352941176471,2.59,Tailspin
27,17,2.59235294117647,17,1,2.59235294117647,Tailspin
13,17,2.35941176470588,17,0.882352941176471,2.674,Tailspin
23,17,2.52882352941176,17,0.941176470588235,2.686875,Tailspin
12,17,2.38941176470588,17,0.882352941176471,2.708,Tailspin
16,17,2.71294117647059,17,1,2.71294117647059,Tailspin
44,17,2.23705882352941,17,0.823529411764706,2.71642857142857,Tailspin
2,17,2.48823529411765,17,0.882352941176471,2.82,Tailspin
31,17,2.33,17,0.823529411764706,2.82928571428571,Tailspin
11,17,2.69352941176471,17,0.941176470588235,2.861875,Tailspin
9,17,2.55588235294118,17,0.882352941176471,2.89666666666667,Tailspin
21,17,2.73647058823529,17,0.941176470588235,2.9075,Tailspin
46,17,2.57352941176471,17,0.882352941176471,2.91666666666667,Tailspin
20,17,2.75882352941177,17,0.941176470588235,2.93125,Tailspin
15,17,2.97117647058824,17,1,2.97117647058824,Tailspin
29,17,2.85058823529412,17,0.941176470588235,3.02875,Tailspin
37,17,2.85588235294118,17,0.941176470588235,3.034375,Tailspin
26,17,2.50411764705882,17,0.823529411764706,3.04071428571429,Tailspin
41,17,2.86294117647059,17,0.941176470588235,3.041875,Tailspin
24,17,2.53058823529412,17,0.823529411764706,3.07285714285714,Tailspin
22,17,2.98470588235294,17,0.941176470588235,3.17125,Tailspin
4,17,2.61941176470588,17,0.823529411764706,3.18071428571429,Tailspin
17,17,3.00352941176471,17,0.941176470588235,3.19125,Tailspin
34,17,3.05411764705882,17,0.941176470588235,3.245,Tailspin
35,17,2.87117647058824,17,0.882352941176471,3.254,Tailspin
6,17,2.7,17,0.823529411764706,3.27857142857143,Tailspin
48,17,3.08588235294118,17,0.941176470588235,3.27875,Tailspin
36,17,2.90941176470588,17,0.882352941176471,3.29733333333333,Tailspin
7,17,2.93470588235294,17,0.882352941176471,3.326,Tailspin
49,17,2.54352941176471,17,0.764705882352941,3.32615384615385,Tailspin
39,17,2.78176470588235,17,0.823529411764706,3.37785714285714,Tailspin
45,17,2.98058823529412,17,0.882352941176471,3.378,Tailspin
40,17,2.98235294117647,17,0.882352941176471,3.38,Tailspin
1,17,3.02470588235294,17,0.882352941176471,3.428,Tailspin
32,17,3.03588235294118,17,0.882352941176471,3.44066666666667,Tailspin
10,17,2.63470588235294,17,0.764705882352941,3.44538461538462,Tailspin
19,17,2.87764705882353,17,0.823529411764706,3.49428571428571,Tailspin
8,17,3.04294117647059,17,0.823529411764706,3.695,Tailspin
33,17,3.03294117647059,17,0.764705882352941,3.96615384615385,Tailspin
18,17,3.11,17,0.764705882352941,4.06692307692308,Tailspin
